Modul 1,Modul 2,Gemeinsame Sprung-Shots
Limbus Affektus,Meta Cognitio,14
Limbus Affektus,Cortex Socialis,14
Limbus Affektus,Bildung und Wissensvermittlung,14
Limbus Affektus,Ethik und Moral,14
Limbus Affektus,Forschungspolitik und Finanzierung,14
Limbus Affektus,Governance und Politik,14
Limbus Affektus,Synergien und Integration,14
Limbus Affektus,Technologie und Innovation,14
Limbus Affektus,Wirtschaft und Gesellschaft,14
Limbus Affektus,Wirtschaft und Sicherheit,14
Limbus Affektus,Cortex Creativus,14
Limbus Affektus,Cortex Criticus,14
Limbus Affektus,Simulatrix Neuralis,14
Meta Cognitio,Cortex Socialis,14
Meta Cognitio,Bildung und Wissensvermittlung,14
Meta Cognitio,Ethik und Moral,14
Meta Cognitio,Forschungspolitik und Finanzierung,14
Meta Cognitio,Governance und Politik,14
Meta Cognitio,Synergien und Integration,14
Meta Cognitio,Technologie und Innovation,14
Meta Cognitio,Wirtschaft und Gesellschaft,14
Meta Cognitio,Wirtschaft und Sicherheit,14
Meta Cognitio,Cortex Creativus,14
Meta Cognitio,Cortex Criticus,14
Meta Cognitio,Simulatrix Neuralis,14
Cortex Socialis,Bildung und Wissensvermittlung,14
Cortex Socialis,Ethik und Moral,14
Cortex Socialis,Forschungspolitik und Finanzierung,14
Cortex Socialis,Governance und Politik,14
Cortex Socialis,Synergien und Integration,14
Cortex Socialis,Technologie und Innovation,14
Cortex Socialis,Wirtschaft und Gesellschaft,14
Cortex Socialis,Wirtschaft und Sicherheit,14
Cortex Socialis,Cortex Creativus,14
Cortex Socialis,Cortex Criticus,14
Cortex Socialis,Simulatrix Neuralis,14
Bildung und Wissensvermittlung,Ethik und Moral,14
Bildung und Wissensvermittlung,Forschungspolitik und Finanzierung,14
Bildung und Wissensvermittlung,Governance und Politik,14
Bildung und Wissensvermittlung,Synergien und Integration,14
Bildung und Wissensvermittlung,Technologie und Innovation,14
Bildung und Wissensvermittlung,Wirtschaft und Gesellschaft,14
Bildung und Wissensvermittlung,Wirtschaft und Sicherheit,14
Bildung und Wissensvermittlung,Cortex Creativus,14
Bildung und Wissensvermittlung,Cortex Criticus,14
Bildung und Wissensvermittlung,Simulatrix Neuralis,14
Ethik und Moral,Forschungspolitik und Finanzierung,14
Ethik und Moral,Governance und Politik,14
Ethik und Moral,Synergien und Integration,14
Ethik und Moral,Technologie und Innovation,14
Ethik und Moral,Wirtschaft und Gesellschaft,14
Ethik und Moral,Wirtschaft und Sicherheit,14
Ethik und Moral,Cortex Creativus,14
Ethik und Moral,Cortex Criticus,14
Ethik und Moral,Simulatrix Neuralis,14
Forschungspolitik und Finanzierung,Governance und Politik,14
Forschungspolitik und Finanzierung,Synergien und Integration,14
Forschungspolitik und Finanzierung,Technologie und Innovation,14
Forschungspolitik und Finanzierung,Wirtschaft und Gesellschaft,14
Forschungspolitik und Finanzierung,Wirtschaft und Sicherheit,14
Forschungspolitik und Finanzierung,Cortex Creativus,14
Forschungspolitik und Finanzierung,Cortex Criticus,14
Forschungspolitik und Finanzierung,Simulatrix Neuralis,14
Governance und Politik,Synergien und Integration,14
Governance und Politik,Technologie und Innovation,14
Governance und Politik,Wirtschaft und Gesellschaft,14
Governance und Politik,Wirtschaft und Sicherheit,14
Governance und Politik,Cortex Creativus,14
Governance und Politik,Cortex Criticus,14
Governance und Politik,Simulatrix Neuralis,14
Synergien und Integration,Technologie und Innovation,14
Synergien und Integration,Wirtschaft und Gesellschaft,14
Synergien und Integration,Wirtschaft und Sicherheit,14
Synergien und Integration,Cortex Creativus,14
Synergien und Integration,Cortex Criticus,14
Synergien und Integration,Simulatrix Neuralis,14
Technologie und Innovation,Wirtschaft und Gesellschaft,14
Technologie und Innovation,Wirtschaft und Sicherheit,14
Technologie und Innovation,Cortex Creativus,14
Technologie und Innovation,Cortex Criticus,14
Technologie und Innovation,Simulatrix Neuralis,14
Wirtschaft und Gesellschaft,Wirtschaft und Sicherheit,14
Wirtschaft und Gesellschaft,Cortex Creativus,14
Wirtschaft und Gesellschaft,Cortex Criticus,14
Wirtschaft und Gesellschaft,Simulatrix Neuralis,14
Wirtschaft und Sicherheit,Cortex Creativus,14
Wirtschaft und Sicherheit,Cortex Criticus,14
Wirtschaft und Sicherheit,Simulatrix Neuralis,14
Cortex Creativus,Cortex Criticus,14
Cortex Creativus,Simulatrix Neuralis,14
Cortex Criticus,Simulatrix Neuralis,14
